{
  "app":{
    "baseUrl" : "http://localhost",
    "hash":{
      "algo": "PASSWORD_BCRYPT",
      "cost": 10
    }
  },
  "db":{
    "driver":"mysql",
    "host":"localhost",
    "database":"site",
    "username":"root",
    "password":"",
    "collation":"utf_unicode_ci",
    "prefix":""
  },
  "mail":{
    "smtp_debug": 2,
    "host": "smtp.gmail.com",
    "smtp_auth": true,
    "username": "drzava.mk@gmail.com",
    "password": "Vase0137",
    "smtp_secure": "tls",
    "port": 587
  },
  "auth":{
   "session": "user_id",
   "remember": "user_r"
  }
}
